--------------------------------------------------------
-- Archivo creado  - martes-diciembre-11-2018   
--------------------------------------------------------
DROP TABLE "TAMBO"."ALIMENTOS" cascade constraints;
DROP TABLE "TAMBO"."CONSUMO_ALIMENTO_TERNERAS" cascade constraints;
DROP TABLE "TAMBO"."CONSUMO_MEDICAMENTO_TERNERA" cascade constraints;
DROP TABLE "TAMBO"."ENFERMEDADES" cascade constraints;
DROP TABLE "TAMBO"."ENFERMEDAD_TERNERA" cascade constraints;
DROP TABLE "TAMBO"."GUACHERAS" cascade constraints;
DROP TABLE "TAMBO"."MADRES" cascade constraints;
DROP TABLE "TAMBO"."MEDICAMENTOS" cascade constraints;
DROP TABLE "TAMBO"."PADRES" cascade constraints;
DROP TABLE "TAMBO"."PESOS" cascade constraints;
DROP TABLE "TAMBO"."TERNERAS" cascade constraints;
DROP TABLE "TAMBO"."UNIDADES" cascade constraints;
DROP TABLE "TAMBO"."USUARIOS" cascade constraints;
DROP SYNONYM "PUBLIC"."DUAL";
DROP SEQUENCE "TAMBO"."SEQ_ALIMENTO";
DROP SEQUENCE "TAMBO"."SEQ_ENFERMEDAD";
DROP SEQUENCE "TAMBO"."SEQ_GUACHERA";
DROP SEQUENCE "TAMBO"."SEQ_MADRE";
DROP SEQUENCE "TAMBO"."SEQ_MEDICAMENTO";
DROP SEQUENCE "TAMBO"."SEQ_PADRE";
DROP SEQUENCE "TAMBO"."SEQ_PESO";
DROP SEQUENCE "TAMBO"."SEQ_TERNERA";
DROP SEQUENCE "TAMBO"."SEQ_UNIDAD";
DROP SEQUENCE "TAMBO"."SEQ_USUARIO";
--------------------------------------------------------
--  DDL for Sequence SEQ_ALIMENTO
--------------------------------------------------------

   CREATE SEQUENCE  "TAMBO"."SEQ_ALIMENTO"  MINVALUE 1 MAXVALUE 999999999999999999999999999 INCREMENT BY 1 START WITH 1 CACHE 20 NOORDER  NOCYCLE ;
--------------------------------------------------------
--  DDL for Sequence SEQ_ENFERMEDAD
--------------------------------------------------------

   CREATE SEQUENCE  "TAMBO"."SEQ_ENFERMEDAD"  MINVALUE 1 MAXVALUE 999999999999999999999999999 INCREMENT BY 1 START WITH 141 CACHE 20 NOORDER  NOCYCLE ;
--------------------------------------------------------
--  DDL for Sequence SEQ_GUACHERA
--------------------------------------------------------

   CREATE SEQUENCE  "TAMBO"."SEQ_GUACHERA"  MINVALUE 1 MAXVALUE 999999999999999999999999999 INCREMENT BY 1 START WITH 21 CACHE 20 NOORDER  NOCYCLE ;
--------------------------------------------------------
--  DDL for Sequence SEQ_MADRE
--------------------------------------------------------

   CREATE SEQUENCE  "TAMBO"."SEQ_MADRE"  MINVALUE 1 MAXVALUE 999999999999999999999999999 INCREMENT BY 1 START WITH 21 CACHE 20 NOORDER  NOCYCLE ;
--------------------------------------------------------
--  DDL for Sequence SEQ_MEDICAMENTO
--------------------------------------------------------

   CREATE SEQUENCE  "TAMBO"."SEQ_MEDICAMENTO"  MINVALUE 1 MAXVALUE 999999999999999999999999999 INCREMENT BY 1 START WITH 1 CACHE 20 NOORDER  NOCYCLE ;
--------------------------------------------------------
--  DDL for Sequence SEQ_PADRE
--------------------------------------------------------

   CREATE SEQUENCE  "TAMBO"."SEQ_PADRE"  MINVALUE 1 MAXVALUE 999999999999999999999999999 INCREMENT BY 1 START WITH 21 CACHE 20 NOORDER  NOCYCLE ;
--------------------------------------------------------
--  DDL for Sequence SEQ_PESO
--------------------------------------------------------

   CREATE SEQUENCE  "TAMBO"."SEQ_PESO"  MINVALUE 1 MAXVALUE 999999999999999999999999999 INCREMENT BY 1 START WITH 1 CACHE 20 NOORDER  NOCYCLE ;
--------------------------------------------------------
--  DDL for Sequence SEQ_TERNERA
--------------------------------------------------------

   CREATE SEQUENCE  "TAMBO"."SEQ_TERNERA"  MINVALUE 1 MAXVALUE 999999999999999999999999999 INCREMENT BY 1 START WITH 21 CACHE 20 NOORDER  NOCYCLE ;
--------------------------------------------------------
--  DDL for Sequence SEQ_UNIDAD
--------------------------------------------------------

   CREATE SEQUENCE  "TAMBO"."SEQ_UNIDAD"  MINVALUE 1 MAXVALUE 999999999999999999999999999 INCREMENT BY 1 START WITH 1 CACHE 20 NOORDER  NOCYCLE ;
--------------------------------------------------------
--  DDL for Sequence SEQ_USUARIO
--------------------------------------------------------

   CREATE SEQUENCE  "TAMBO"."SEQ_USUARIO"  MINVALUE 1 MAXVALUE 999999999999999999999999999 INCREMENT BY 1 START WITH 41 CACHE 20 NOORDER  NOCYCLE ;
--------------------------------------------------------
--  DDL for Table ALIMENTOS
--------------------------------------------------------

  CREATE TABLE "TAMBO"."ALIMENTOS" 
   (	"ID_ALIMENTO" NUMBER(2,0), 
	"NOMBRE" VARCHAR2(25 BYTE), 
	"COSTO_UNIDAD" NUMBER(5,2), 
	"CANTIDAD" NUMBER(5,2), 
	"ID_UNIDAD" NUMBER(*,0)
   ) PCTFREE 10 PCTUSED 40 INITRANS 1 MAXTRANS 255 NOCOMPRESS LOGGING
  STORAGE(INITIAL 65536 NEXT 1048576 MINEXTENTS 1 MAXEXTENTS 2147483645
  PCTINCREASE 0 FREELISTS 1 FREELIST GROUPS 1 BUFFER_POOL DEFAULT)
  TABLESPACE "USERS" ;
--------------------------------------------------------
--  DDL for Table CONSUMO_ALIMENTO_TERNERAS
--------------------------------------------------------

  CREATE TABLE "TAMBO"."CONSUMO_ALIMENTO_TERNERAS" 
   (	"ID_TERNERA" NUMBER(*,0), 
	"ID_ALIMENTO" NUMBER(*,0), 
	"FECHA" DATE, 
	"CANTIDAD" NUMBER(5,2)
   ) PCTFREE 10 PCTUSED 40 INITRANS 1 MAXTRANS 255 NOCOMPRESS LOGGING
  STORAGE(INITIAL 65536 NEXT 1048576 MINEXTENTS 1 MAXEXTENTS 2147483645
  PCTINCREASE 0 FREELISTS 1 FREELIST GROUPS 1 BUFFER_POOL DEFAULT)
  TABLESPACE "USERS" ;
--------------------------------------------------------
--  DDL for Table CONSUMO_MEDICAMENTO_TERNERA
--------------------------------------------------------

  CREATE TABLE "TAMBO"."CONSUMO_MEDICAMENTO_TERNERA" 
   (	"ID_TERNERA" NUMBER(*,0), 
	"ID_MEDICAMENTO" NUMBER(*,0), 
	"FECHA" DATE, 
	"CANTIDAD" NUMBER(2,2)
   ) PCTFREE 10 PCTUSED 40 INITRANS 1 MAXTRANS 255 NOCOMPRESS LOGGING
  STORAGE(INITIAL 65536 NEXT 1048576 MINEXTENTS 1 MAXEXTENTS 2147483645
  PCTINCREASE 0 FREELISTS 1 FREELIST GROUPS 1 BUFFER_POOL DEFAULT)
  TABLESPACE "USERS" ;
--------------------------------------------------------
--  DDL for Table ENFERMEDADES
--------------------------------------------------------

  CREATE TABLE "TAMBO"."ENFERMEDADES" 
   (	"ID_ENFERMEDAD" NUMBER(*,0), 
	"NOMBRE" VARCHAR2(100 BYTE), 
	"GRADO_GRAVEDAD" NUMBER(2,0)
   ) PCTFREE 10 PCTUSED 40 INITRANS 1 MAXTRANS 255 NOCOMPRESS LOGGING
  STORAGE(INITIAL 65536 NEXT 1048576 MINEXTENTS 1 MAXEXTENTS 2147483645
  PCTINCREASE 0 FREELISTS 1 FREELIST GROUPS 1 BUFFER_POOL DEFAULT)
  TABLESPACE "USERS" ;
--------------------------------------------------------
--  DDL for Table ENFERMEDAD_TERNERA
--------------------------------------------------------

  CREATE TABLE "TAMBO"."ENFERMEDAD_TERNERA" 
   (	"ID_TERNERA" NUMBER(*,0), 
	"ID_ENFERMEDAD" NUMBER(*,0), 
	"FECHA_DESDE" DATE, 
	"FECHA_HASTA" DATE, 
	"OBSERVACION" VARCHAR2(250 BYTE)
   ) PCTFREE 10 PCTUSED 40 INITRANS 1 MAXTRANS 255 NOCOMPRESS LOGGING
  STORAGE(INITIAL 65536 NEXT 1048576 MINEXTENTS 1 MAXEXTENTS 2147483645
  PCTINCREASE 0 FREELISTS 1 FREELIST GROUPS 1 BUFFER_POOL DEFAULT)
  TABLESPACE "USERS" ;
--------------------------------------------------------
--  DDL for Table GUACHERAS
--------------------------------------------------------

  CREATE TABLE "TAMBO"."GUACHERAS" 
   (	"ID_GUACHERA" NUMBER(*,0), 
	"PK_GUACHERA" VARCHAR2(12 BYTE), 
	"ID_USUARIO" NUMBER(*,0), 
	"NOMBRE" VARCHAR2(70 BYTE)
   ) PCTFREE 10 PCTUSED 40 INITRANS 1 MAXTRANS 255 NOCOMPRESS LOGGING
  STORAGE(INITIAL 65536 NEXT 1048576 MINEXTENTS 1 MAXEXTENTS 2147483645
  PCTINCREASE 0 FREELISTS 1 FREELIST GROUPS 1 BUFFER_POOL DEFAULT)
  TABLESPACE "USERS" ;
--------------------------------------------------------
--  DDL for Table MADRES
--------------------------------------------------------

  CREATE TABLE "TAMBO"."MADRES" 
   (	"ID_MADRE" NUMBER(4,0), 
	"NRO_CARAVANA" NUMBER(10,0)
   ) PCTFREE 10 PCTUSED 40 INITRANS 1 MAXTRANS 255 NOCOMPRESS LOGGING
  STORAGE(INITIAL 65536 NEXT 1048576 MINEXTENTS 1 MAXEXTENTS 2147483645
  PCTINCREASE 0 FREELISTS 1 FREELIST GROUPS 1 BUFFER_POOL DEFAULT)
  TABLESPACE "USERS" ;
--------------------------------------------------------
--  DDL for Table MEDICAMENTOS
--------------------------------------------------------

  CREATE TABLE "TAMBO"."MEDICAMENTOS" 
   (	"ID_MEDICAMENTO" NUMBER(*,0), 
	"NOMBRE" VARCHAR2(100 BYTE), 
	"DOSIS" VARCHAR2(100 BYTE), 
	"COSTO" VARCHAR2(100 BYTE), 
	"FECHA_DESDE" DATE, 
	"FECHA_HASTA" DATE
   ) PCTFREE 10 PCTUSED 40 INITRANS 1 MAXTRANS 255 NOCOMPRESS LOGGING
  STORAGE(INITIAL 65536 NEXT 1048576 MINEXTENTS 1 MAXEXTENTS 2147483645
  PCTINCREASE 0 FREELISTS 1 FREELIST GROUPS 1 BUFFER_POOL DEFAULT)
  TABLESPACE "USERS" ;
--------------------------------------------------------
--  DDL for Table PADRES
--------------------------------------------------------

  CREATE TABLE "TAMBO"."PADRES" 
   (	"ID_PADRE" NUMBER(4,0), 
	"NRO_CARAVANA" NUMBER(10,0)
   ) PCTFREE 10 PCTUSED 40 INITRANS 1 MAXTRANS 255 NOCOMPRESS LOGGING
  STORAGE(INITIAL 65536 NEXT 1048576 MINEXTENTS 1 MAXEXTENTS 2147483645
  PCTINCREASE 0 FREELISTS 1 FREELIST GROUPS 1 BUFFER_POOL DEFAULT)
  TABLESPACE "USERS" ;
--------------------------------------------------------
--  DDL for Table PESOS
--------------------------------------------------------

  CREATE TABLE "TAMBO"."PESOS" 
   (	"ID_PESO" NUMBER(*,0), 
	"ID_TERNERA" NUMBER(*,0), 
	"TIPO_REGISTRO" VARCHAR2(50 BYTE), 
	"FECHA" DATE, 
	"PESO" NUMBER(4,2)
   ) PCTFREE 10 PCTUSED 40 INITRANS 1 MAXTRANS 255 NOCOMPRESS LOGGING
  STORAGE(INITIAL 65536 NEXT 1048576 MINEXTENTS 1 MAXEXTENTS 2147483645
  PCTINCREASE 0 FREELISTS 1 FREELIST GROUPS 1 BUFFER_POOL DEFAULT)
  TABLESPACE "USERS" ;
--------------------------------------------------------
--  DDL for Table TERNERAS
--------------------------------------------------------

  CREATE TABLE "TAMBO"."TERNERAS" 
   (	"ID_TERNERA" NUMBER(4,0), 
	"NRO_CARAVANA" NUMBER(10,0), 
	"ID_MADRE" NUMBER(*,0), 
	"ID_PADRE" NUMBER(*,0), 
	"ID_GUACHERA" NUMBER(*,0), 
	"FECHA_NACIMIENTO" DATE, 
	"PESO_NACIMIENTO" NUMBER(4,2), 
	"RAZA" VARCHAR2(12 BYTE), 
	"PARTO" VARCHAR2(12 BYTE), 
	"FECHA_MUERTE" DATE, 
	"CAUSA_MUERTE" VARCHAR2(500 BYTE), 
	"FECHA_BAJA" DATE, 
	"CAUSA_BAJA" VARCHAR2(500 BYTE)
   ) PCTFREE 10 PCTUSED 40 INITRANS 1 MAXTRANS 255 NOCOMPRESS LOGGING
  STORAGE(INITIAL 65536 NEXT 1048576 MINEXTENTS 1 MAXEXTENTS 2147483645
  PCTINCREASE 0 FREELISTS 1 FREELIST GROUPS 1 BUFFER_POOL DEFAULT)
  TABLESPACE "USERS" ;
--------------------------------------------------------
--  DDL for Table UNIDADES
--------------------------------------------------------

  CREATE TABLE "TAMBO"."UNIDADES" 
   (	"ID_UNIDAD" NUMBER(*,0), 
	"UNIDAD" VARCHAR2(25 BYTE)
   ) PCTFREE 10 PCTUSED 40 INITRANS 1 MAXTRANS 255 NOCOMPRESS LOGGING
  STORAGE(INITIAL 65536 NEXT 1048576 MINEXTENTS 1 MAXEXTENTS 2147483645
  PCTINCREASE 0 FREELISTS 1 FREELIST GROUPS 1 BUFFER_POOL DEFAULT)
  TABLESPACE "USERS" ;
--------------------------------------------------------
--  DDL for Table USUARIOS
--------------------------------------------------------

  CREATE TABLE "TAMBO"."USUARIOS" 
   (	"ID_USUARIO" NUMBER(*,0), 
	"USUARIO" VARCHAR2(100 BYTE), 
	"NOMBRE" VARCHAR2(50 BYTE), 
	"APELLIDO" VARCHAR2(50 BYTE), 
	"PERFIL" VARCHAR2(50 BYTE), 
	"CONTRASENIA" VARCHAR2(16 BYTE)
   ) PCTFREE 10 PCTUSED 40 INITRANS 1 MAXTRANS 255 NOCOMPRESS LOGGING
  STORAGE(INITIAL 65536 NEXT 1048576 MINEXTENTS 1 MAXEXTENTS 2147483645
  PCTINCREASE 0 FREELISTS 1 FREELIST GROUPS 1 BUFFER_POOL DEFAULT)
  TABLESPACE "USERS" ;
REM INSERTING into TAMBO.ALIMENTOS
SET DEFINE OFF;
REM INSERTING into TAMBO.CONSUMO_ALIMENTO_TERNERAS
SET DEFINE OFF;
REM INSERTING into TAMBO.CONSUMO_MEDICAMENTO_TERNERA
SET DEFINE OFF;
REM INSERTING into TAMBO.ENFERMEDADES
SET DEFINE OFF;
Insert into TAMBO.ENFERMEDADES (ID_ENFERMEDAD,NOMBRE,GRADO_GRAVEDAD) values ('4','Diarrea','1');
Insert into TAMBO.ENFERMEDADES (ID_ENFERMEDAD,NOMBRE,GRADO_GRAVEDAD) values ('66','Diarrea','2');
Insert into TAMBO.ENFERMEDADES (ID_ENFERMEDAD,NOMBRE,GRADO_GRAVEDAD) values ('3','Neumonia','1');
Insert into TAMBO.ENFERMEDADES (ID_ENFERMEDAD,NOMBRE,GRADO_GRAVEDAD) values ('8','Neumonia','2');
Insert into TAMBO.ENFERMEDADES (ID_ENFERMEDAD,NOMBRE,GRADO_GRAVEDAD) values ('125','Neumonia','3');
REM INSERTING into TAMBO.ENFERMEDAD_TERNERA
SET DEFINE OFF;
Insert into TAMBO.ENFERMEDAD_TERNERA (ID_TERNERA,ID_ENFERMEDAD,FECHA_DESDE,FECHA_HASTA,OBSERVACION) values ('1','3',to_date('02/11/17','DD/MM/RR'),to_date('01/12/17','DD/MM/RR'),'Se la trata con suero y agua y agua');
Insert into TAMBO.ENFERMEDAD_TERNERA (ID_TERNERA,ID_ENFERMEDAD,FECHA_DESDE,FECHA_HASTA,OBSERVACION) values ('5','4',to_date('02/11/17','DD/MM/RR'),to_date('04/10/18','DD/MM/RR'),'Se la medica');
Insert into TAMBO.ENFERMEDAD_TERNERA (ID_TERNERA,ID_ENFERMEDAD,FECHA_DESDE,FECHA_HASTA,OBSERVACION) values ('1','4',to_date('02/10/18','DD/MM/RR'),null,'Con Tratamiento');
Insert into TAMBO.ENFERMEDAD_TERNERA (ID_TERNERA,ID_ENFERMEDAD,FECHA_DESDE,FECHA_HASTA,OBSERVACION) values ('2','66',to_date('16/10/18','DD/MM/RR'),null,'Inicia Tratamiento');
Insert into TAMBO.ENFERMEDAD_TERNERA (ID_TERNERA,ID_ENFERMEDAD,FECHA_DESDE,FECHA_HASTA,OBSERVACION) values ('2','66',to_date('01/10/18','DD/MM/RR'),null,'Con fiebre');
Insert into TAMBO.ENFERMEDAD_TERNERA (ID_TERNERA,ID_ENFERMEDAD,FECHA_DESDE,FECHA_HASTA,OBSERVACION) values ('5','3',to_date('01/10/18','DD/MM/RR'),null,'En observacion');
Insert into TAMBO.ENFERMEDAD_TERNERA (ID_TERNERA,ID_ENFERMEDAD,FECHA_DESDE,FECHA_HASTA,OBSERVACION) values ('1','4',to_date('03/12/18','DD/MM/RR'),to_date('04/12/18','DD/MM/RR'),'Prueba 2');
Insert into TAMBO.ENFERMEDAD_TERNERA (ID_TERNERA,ID_ENFERMEDAD,FECHA_DESDE,FECHA_HASTA,OBSERVACION) values ('1','66',to_date('01/12/18','DD/MM/RR'),to_date('03/12/18','DD/MM/RR'),'Prueba 1');
Insert into TAMBO.ENFERMEDAD_TERNERA (ID_TERNERA,ID_ENFERMEDAD,FECHA_DESDE,FECHA_HASTA,OBSERVACION) values ('1','4',to_date('01/12/18','DD/MM/RR'),null,'prueba2');
Insert into TAMBO.ENFERMEDAD_TERNERA (ID_TERNERA,ID_ENFERMEDAD,FECHA_DESDE,FECHA_HASTA,OBSERVACION) values ('2','3',to_date('01/11/18','DD/MM/RR'),null,'DFF');
Insert into TAMBO.ENFERMEDAD_TERNERA (ID_TERNERA,ID_ENFERMEDAD,FECHA_DESDE,FECHA_HASTA,OBSERVACION) values ('5','3',to_date('16/10/18','DD/MM/RR'),to_date('16/10/18','DD/MM/RR'),'skkk');
Insert into TAMBO.ENFERMEDAD_TERNERA (ID_TERNERA,ID_ENFERMEDAD,FECHA_DESDE,FECHA_HASTA,OBSERVACION) values ('2','66',to_date('04/12/18','DD/MM/RR'),to_date('04/12/18','DD/MM/RR'),'Con Tratamiento 2');
Insert into TAMBO.ENFERMEDAD_TERNERA (ID_TERNERA,ID_ENFERMEDAD,FECHA_DESDE,FECHA_HASTA,OBSERVACION) values ('1','66',to_date('01/10/18','DD/MM/RR'),null,'inicio de enfermedad');
Insert into TAMBO.ENFERMEDAD_TERNERA (ID_TERNERA,ID_ENFERMEDAD,FECHA_DESDE,FECHA_HASTA,OBSERVACION) values ('6','4',to_date('04/10/18','DD/MM/RR'),null,'Se le da Suero');
Insert into TAMBO.ENFERMEDAD_TERNERA (ID_TERNERA,ID_ENFERMEDAD,FECHA_DESDE,FECHA_HASTA,OBSERVACION) values ('2','3',to_date('16/10/18','DD/MM/RR'),null,'Con diarrea');
REM INSERTING into TAMBO.GUACHERAS
SET DEFINE OFF;
Insert into TAMBO.GUACHERAS (ID_GUACHERA,PK_GUACHERA,ID_USUARIO,NOMBRE) values ('1','GUACHERA001','1','Gauchera 1');
Insert into TAMBO.GUACHERAS (ID_GUACHERA,PK_GUACHERA,ID_USUARIO,NOMBRE) values ('2','GUACHERA002','2','Gauchera 2');
Insert into TAMBO.GUACHERAS (ID_GUACHERA,PK_GUACHERA,ID_USUARIO,NOMBRE) values ('3','GUACHERA003','2','Gauchera 3');
Insert into TAMBO.GUACHERAS (ID_GUACHERA,PK_GUACHERA,ID_USUARIO,NOMBRE) values ('4','GUACHERA004','1','Gauchera 4');
Insert into TAMBO.GUACHERAS (ID_GUACHERA,PK_GUACHERA,ID_USUARIO,NOMBRE) values ('5','GUACHERA005','3','Gauchera 5');
REM INSERTING into TAMBO.MADRES
SET DEFINE OFF;
Insert into TAMBO.MADRES (ID_MADRE,NRO_CARAVANA) values ('1','1000000000');
Insert into TAMBO.MADRES (ID_MADRE,NRO_CARAVANA) values ('2','1000000001');
Insert into TAMBO.MADRES (ID_MADRE,NRO_CARAVANA) values ('3','1000000002');
Insert into TAMBO.MADRES (ID_MADRE,NRO_CARAVANA) values ('4','1000000003');
Insert into TAMBO.MADRES (ID_MADRE,NRO_CARAVANA) values ('5','1000000004');
REM INSERTING into TAMBO.MEDICAMENTOS
SET DEFINE OFF;
REM INSERTING into TAMBO.PADRES
SET DEFINE OFF;
Insert into TAMBO.PADRES (ID_PADRE,NRO_CARAVANA) values ('1','1000000000');
Insert into TAMBO.PADRES (ID_PADRE,NRO_CARAVANA) values ('2','1000000001');
Insert into TAMBO.PADRES (ID_PADRE,NRO_CARAVANA) values ('3','1000000002');
Insert into TAMBO.PADRES (ID_PADRE,NRO_CARAVANA) values ('4','1000000003');
Insert into TAMBO.PADRES (ID_PADRE,NRO_CARAVANA) values ('5','1000000004');
REM INSERTING into TAMBO.PESOS
SET DEFINE OFF;
REM INSERTING into TAMBO.TERNERAS
SET DEFINE OFF;
Insert into TAMBO.TERNERAS (ID_TERNERA,NRO_CARAVANA,ID_MADRE,ID_PADRE,ID_GUACHERA,FECHA_NACIMIENTO,PESO_NACIMIENTO,RAZA,PARTO,FECHA_MUERTE,CAUSA_MUERTE,FECHA_BAJA,CAUSA_BAJA) values ('1','1000000001','1','1','1',to_date('10/07/01','DD/MM/RR'),'1','Holando','Normal',null,null,null,null);
Insert into TAMBO.TERNERAS (ID_TERNERA,NRO_CARAVANA,ID_MADRE,ID_PADRE,ID_GUACHERA,FECHA_NACIMIENTO,PESO_NACIMIENTO,RAZA,PARTO,FECHA_MUERTE,CAUSA_MUERTE,FECHA_BAJA,CAUSA_BAJA) values ('2','2000000002','2','3','2',to_date('10/09/17','DD/MM/RR'),'1','Jersey','Normal',null,null,null,null);
Insert into TAMBO.TERNERAS (ID_TERNERA,NRO_CARAVANA,ID_MADRE,ID_PADRE,ID_GUACHERA,FECHA_NACIMIENTO,PESO_NACIMIENTO,RAZA,PARTO,FECHA_MUERTE,CAUSA_MUERTE,FECHA_BAJA,CAUSA_BAJA) values ('3','2000000003','4','1','3',to_date('08/05/17','DD/MM/RR'),'1','Cruza','Distocico',null,null,null,null);
Insert into TAMBO.TERNERAS (ID_TERNERA,NRO_CARAVANA,ID_MADRE,ID_PADRE,ID_GUACHERA,FECHA_NACIMIENTO,PESO_NACIMIENTO,RAZA,PARTO,FECHA_MUERTE,CAUSA_MUERTE,FECHA_BAJA,CAUSA_BAJA) values ('4','2000000004','3','2','2',to_date('10/01/17','DD/MM/RR'),'1','Holando','Normal',null,null,null,null);
Insert into TAMBO.TERNERAS (ID_TERNERA,NRO_CARAVANA,ID_MADRE,ID_PADRE,ID_GUACHERA,FECHA_NACIMIENTO,PESO_NACIMIENTO,RAZA,PARTO,FECHA_MUERTE,CAUSA_MUERTE,FECHA_BAJA,CAUSA_BAJA) values ('5','2000000006','2','1','3',to_date('11/02/17','DD/MM/RR'),'1','Holando','Normal',null,null,null,null);
Insert into TAMBO.TERNERAS (ID_TERNERA,NRO_CARAVANA,ID_MADRE,ID_PADRE,ID_GUACHERA,FECHA_NACIMIENTO,PESO_NACIMIENTO,RAZA,PARTO,FECHA_MUERTE,CAUSA_MUERTE,FECHA_BAJA,CAUSA_BAJA) values ('6','2000000005','4','3','3',to_date('10/02/17','DD/MM/RR'),'1','Jersey','Distocico',null,null,null,null);
REM INSERTING into TAMBO.UNIDADES
SET DEFINE OFF;
REM INSERTING into TAMBO.USUARIOS
SET DEFINE OFF;
Insert into TAMBO.USUARIOS (ID_USUARIO,USUARIO,NOMBRE,APELLIDO,PERFIL,CONTRASENIA) values ('27','samuel.rodriguez','Samuel','Rodriguez','Personal','samu1234');
Insert into TAMBO.USUARIOS (ID_USUARIO,USUARIO,NOMBRE,APELLIDO,PERFIL,CONTRASENIA) values ('28','agustin.rodriguez','Agustin','Rodriguez','Personal','agus1234');
Insert into TAMBO.USUARIOS (ID_USUARIO,USUARIO,NOMBRE,APELLIDO,PERFIL,CONTRASENIA) values ('1','sebastian.mena','Sebastian','Mena','Personal','mena1234');
Insert into TAMBO.USUARIOS (ID_USUARIO,USUARIO,NOMBRE,APELLIDO,PERFIL,CONTRASENIA) values ('2','carlos.garcia','Carlos','Garcia','Encargado','carl1234');
Insert into TAMBO.USUARIOS (ID_USUARIO,USUARIO,NOMBRE,APELLIDO,PERFIL,CONTRASENIA) values ('3','emiliano.silva','Emiliano','Silva','Personal','emil1234');
--------------------------------------------------------
--  DDL for Index PK_ALIMENTO
--------------------------------------------------------

  CREATE UNIQUE INDEX "TAMBO"."PK_ALIMENTO" ON "TAMBO"."ALIMENTOS" ("ID_ALIMENTO") 
  PCTFREE 10 INITRANS 2 MAXTRANS 255 COMPUTE STATISTICS 
  STORAGE(INITIAL 65536 NEXT 1048576 MINEXTENTS 1 MAXEXTENTS 2147483645
  PCTINCREASE 0 FREELISTS 1 FREELIST GROUPS 1 BUFFER_POOL DEFAULT)
  TABLESPACE "USERS" ;
--------------------------------------------------------
--  DDL for Index PK_ALIMENTO_TERNERA_FECHA
--------------------------------------------------------

  CREATE UNIQUE INDEX "TAMBO"."PK_ALIMENTO_TERNERA_FECHA" ON "TAMBO"."CONSUMO_ALIMENTO_TERNERAS" ("ID_TERNERA", "ID_ALIMENTO", "FECHA") 
  PCTFREE 10 INITRANS 2 MAXTRANS 255 COMPUTE STATISTICS 
  STORAGE(INITIAL 65536 NEXT 1048576 MINEXTENTS 1 MAXEXTENTS 2147483645
  PCTINCREASE 0 FREELISTS 1 FREELIST GROUPS 1 BUFFER_POOL DEFAULT)
  TABLESPACE "USERS" ;
--------------------------------------------------------
--  DDL for Index PK_ENFERMEDAD
--------------------------------------------------------

  CREATE UNIQUE INDEX "TAMBO"."PK_ENFERMEDAD" ON "TAMBO"."ENFERMEDADES" ("ID_ENFERMEDAD") 
  PCTFREE 10 INITRANS 2 MAXTRANS 255 COMPUTE STATISTICS 
  STORAGE(INITIAL 65536 NEXT 1048576 MINEXTENTS 1 MAXEXTENTS 2147483645
  PCTINCREASE 0 FREELISTS 1 FREELIST GROUPS 1 BUFFER_POOL DEFAULT)
  TABLESPACE "USERS" ;
--------------------------------------------------------
--  DDL for Index PK_ENFERMEDAD_TERNERA_FECHA
--------------------------------------------------------

  CREATE UNIQUE INDEX "TAMBO"."PK_ENFERMEDAD_TERNERA_FECHA" ON "TAMBO"."ENFERMEDAD_TERNERA" ("ID_TERNERA", "ID_ENFERMEDAD", "FECHA_DESDE") 
  PCTFREE 10 INITRANS 2 MAXTRANS 255 COMPUTE STATISTICS 
  STORAGE(INITIAL 65536 NEXT 1048576 MINEXTENTS 1 MAXEXTENTS 2147483645
  PCTINCREASE 0 FREELISTS 1 FREELIST GROUPS 1 BUFFER_POOL DEFAULT)
  TABLESPACE "USERS" ;
--------------------------------------------------------
--  DDL for Index PK_GUACHERA
--------------------------------------------------------

  CREATE UNIQUE INDEX "TAMBO"."PK_GUACHERA" ON "TAMBO"."GUACHERAS" ("ID_GUACHERA") 
  PCTFREE 10 INITRANS 2 MAXTRANS 255 COMPUTE STATISTICS 
  STORAGE(INITIAL 65536 NEXT 1048576 MINEXTENTS 1 MAXEXTENTS 2147483645
  PCTINCREASE 0 FREELISTS 1 FREELIST GROUPS 1 BUFFER_POOL DEFAULT)
  TABLESPACE "USERS" ;
--------------------------------------------------------
--  DDL for Index PK_MADRE
--------------------------------------------------------

  CREATE UNIQUE INDEX "TAMBO"."PK_MADRE" ON "TAMBO"."MADRES" ("ID_MADRE") 
  PCTFREE 10 INITRANS 2 MAXTRANS 255 COMPUTE STATISTICS 
  STORAGE(INITIAL 65536 NEXT 1048576 MINEXTENTS 1 MAXEXTENTS 2147483645
  PCTINCREASE 0 FREELISTS 1 FREELIST GROUPS 1 BUFFER_POOL DEFAULT)
  TABLESPACE "USERS" ;
--------------------------------------------------------
--  DDL for Index PK_MEDICAMENTO
--------------------------------------------------------

  CREATE UNIQUE INDEX "TAMBO"."PK_MEDICAMENTO" ON "TAMBO"."MEDICAMENTOS" ("ID_MEDICAMENTO") 
  PCTFREE 10 INITRANS 2 MAXTRANS 255 COMPUTE STATISTICS 
  STORAGE(INITIAL 65536 NEXT 1048576 MINEXTENTS 1 MAXEXTENTS 2147483645
  PCTINCREASE 0 FREELISTS 1 FREELIST GROUPS 1 BUFFER_POOL DEFAULT)
  TABLESPACE "USERS" ;
--------------------------------------------------------
--  DDL for Index PK_MEDICAMENTO_TERNERA_FECHA
--------------------------------------------------------

  CREATE UNIQUE INDEX "TAMBO"."PK_MEDICAMENTO_TERNERA_FECHA" ON "TAMBO"."CONSUMO_MEDICAMENTO_TERNERA" ("ID_TERNERA", "ID_MEDICAMENTO", "FECHA") 
  PCTFREE 10 INITRANS 2 MAXTRANS 255 COMPUTE STATISTICS 
  STORAGE(INITIAL 65536 NEXT 1048576 MINEXTENTS 1 MAXEXTENTS 2147483645
  PCTINCREASE 0 FREELISTS 1 FREELIST GROUPS 1 BUFFER_POOL DEFAULT)
  TABLESPACE "USERS" ;
--------------------------------------------------------
--  DDL for Index PK_PADRE
--------------------------------------------------------

  CREATE UNIQUE INDEX "TAMBO"."PK_PADRE" ON "TAMBO"."PADRES" ("ID_PADRE") 
  PCTFREE 10 INITRANS 2 MAXTRANS 255 COMPUTE STATISTICS 
  STORAGE(INITIAL 65536 NEXT 1048576 MINEXTENTS 1 MAXEXTENTS 2147483645
  PCTINCREASE 0 FREELISTS 1 FREELIST GROUPS 1 BUFFER_POOL DEFAULT)
  TABLESPACE "USERS" ;
--------------------------------------------------------
--  DDL for Index PK_PESO
--------------------------------------------------------

  CREATE UNIQUE INDEX "TAMBO"."PK_PESO" ON "TAMBO"."PESOS" ("ID_PESO") 
  PCTFREE 10 INITRANS 2 MAXTRANS 255 COMPUTE STATISTICS 
  STORAGE(INITIAL 65536 NEXT 1048576 MINEXTENTS 1 MAXEXTENTS 2147483645
  PCTINCREASE 0 FREELISTS 1 FREELIST GROUPS 1 BUFFER_POOL DEFAULT)
  TABLESPACE "USERS" ;
--------------------------------------------------------
--  DDL for Index PK_TERNERA
--------------------------------------------------------

  CREATE UNIQUE INDEX "TAMBO"."PK_TERNERA" ON "TAMBO"."TERNERAS" ("ID_TERNERA") 
  PCTFREE 10 INITRANS 2 MAXTRANS 255 COMPUTE STATISTICS 
  STORAGE(INITIAL 65536 NEXT 1048576 MINEXTENTS 1 MAXEXTENTS 2147483645
  PCTINCREASE 0 FREELISTS 1 FREELIST GROUPS 1 BUFFER_POOL DEFAULT)
  TABLESPACE "USERS" ;
--------------------------------------------------------
--  DDL for Index PK_UNIDAD
--------------------------------------------------------

  CREATE UNIQUE INDEX "TAMBO"."PK_UNIDAD" ON "TAMBO"."UNIDADES" ("ID_UNIDAD") 
  PCTFREE 10 INITRANS 2 MAXTRANS 255 COMPUTE STATISTICS 
  STORAGE(INITIAL 65536 NEXT 1048576 MINEXTENTS 1 MAXEXTENTS 2147483645
  PCTINCREASE 0 FREELISTS 1 FREELIST GROUPS 1 BUFFER_POOL DEFAULT)
  TABLESPACE "USERS" ;
--------------------------------------------------------
--  DDL for Index PK_USUARIO
--------------------------------------------------------

  CREATE UNIQUE INDEX "TAMBO"."PK_USUARIO" ON "TAMBO"."USUARIOS" ("ID_USUARIO") 
  PCTFREE 10 INITRANS 2 MAXTRANS 255 COMPUTE STATISTICS 
  STORAGE(INITIAL 65536 NEXT 1048576 MINEXTENTS 1 MAXEXTENTS 2147483645
  PCTINCREASE 0 FREELISTS 1 FREELIST GROUPS 1 BUFFER_POOL DEFAULT)
  TABLESPACE "USERS" ;
--------------------------------------------------------
--  DDL for Index UK_CARAAVANA
--------------------------------------------------------

  CREATE UNIQUE INDEX "TAMBO"."UK_CARAAVANA" ON "TAMBO"."PADRES" ("NRO_CARAVANA") 
  PCTFREE 10 INITRANS 2 MAXTRANS 255 COMPUTE STATISTICS 
  STORAGE(INITIAL 65536 NEXT 1048576 MINEXTENTS 1 MAXEXTENTS 2147483645
  PCTINCREASE 0 FREELISTS 1 FREELIST GROUPS 1 BUFFER_POOL DEFAULT)
  TABLESPACE "USERS" ;
--------------------------------------------------------
--  DDL for Index UK_CARAVANA
--------------------------------------------------------

  CREATE UNIQUE INDEX "TAMBO"."UK_CARAVANA" ON "TAMBO"."MADRES" ("NRO_CARAVANA") 
  PCTFREE 10 INITRANS 2 MAXTRANS 255 COMPUTE STATISTICS 
  STORAGE(INITIAL 65536 NEXT 1048576 MINEXTENTS 1 MAXEXTENTS 2147483645
  PCTINCREASE 0 FREELISTS 1 FREELIST GROUPS 1 BUFFER_POOL DEFAULT)
  TABLESPACE "USERS" ;
--------------------------------------------------------
--  DDL for Index UK_CARAVANA_TERNERA
--------------------------------------------------------

  CREATE UNIQUE INDEX "TAMBO"."UK_CARAVANA_TERNERA" ON "TAMBO"."TERNERAS" ("NRO_CARAVANA") 
  PCTFREE 10 INITRANS 2 MAXTRANS 255 COMPUTE STATISTICS 
  STORAGE(INITIAL 65536 NEXT 1048576 MINEXTENTS 1 MAXEXTENTS 2147483645
  PCTINCREASE 0 FREELISTS 1 FREELIST GROUPS 1 BUFFER_POOL DEFAULT)
  TABLESPACE "USERS" ;
--------------------------------------------------------
--  DDL for Index UK_ENFERMEDADES
--------------------------------------------------------

  CREATE UNIQUE INDEX "TAMBO"."UK_ENFERMEDADES" ON "TAMBO"."ENFERMEDADES" ("NOMBRE", "GRADO_GRAVEDAD") 
  PCTFREE 10 INITRANS 2 MAXTRANS 255 COMPUTE STATISTICS 
  STORAGE(INITIAL 65536 NEXT 1048576 MINEXTENTS 1 MAXEXTENTS 2147483645
  PCTINCREASE 0 FREELISTS 1 FREELIST GROUPS 1 BUFFER_POOL DEFAULT)
  TABLESPACE "USERS" ;
--------------------------------------------------------
--  DDL for Index UK_ID_GUACHERA
--------------------------------------------------------

  CREATE UNIQUE INDEX "TAMBO"."UK_ID_GUACHERA" ON "TAMBO"."GUACHERAS" ("PK_GUACHERA") 
  PCTFREE 10 INITRANS 2 MAXTRANS 255 COMPUTE STATISTICS 
  STORAGE(INITIAL 65536 NEXT 1048576 MINEXTENTS 1 MAXEXTENTS 2147483645
  PCTINCREASE 0 FREELISTS 1 FREELIST GROUPS 1 BUFFER_POOL DEFAULT)
  TABLESPACE "USERS" ;
--------------------------------------------------------
--  DDL for Index UK_NOMBRE_GUACHERA
--------------------------------------------------------

  CREATE UNIQUE INDEX "TAMBO"."UK_NOMBRE_GUACHERA" ON "TAMBO"."GUACHERAS" ("NOMBRE") 
  PCTFREE 10 INITRANS 2 MAXTRANS 255 COMPUTE STATISTICS 
  STORAGE(INITIAL 65536 NEXT 1048576 MINEXTENTS 1 MAXEXTENTS 2147483645
  PCTINCREASE 0 FREELISTS 1 FREELIST GROUPS 1 BUFFER_POOL DEFAULT)
  TABLESPACE "USERS" ;
--------------------------------------------------------
--  DDL for Index UK_PESO
--------------------------------------------------------

  CREATE UNIQUE INDEX "TAMBO"."UK_PESO" ON "TAMBO"."PESOS" ("ID_TERNERA", "FECHA") 
  PCTFREE 10 INITRANS 2 MAXTRANS 255 COMPUTE STATISTICS 
  STORAGE(INITIAL 65536 NEXT 1048576 MINEXTENTS 1 MAXEXTENTS 2147483645
  PCTINCREASE 0 FREELISTS 1 FREELIST GROUPS 1 BUFFER_POOL DEFAULT)
  TABLESPACE "USERS" ;
--------------------------------------------------------
--  DDL for Index UK_UNIDADES
--------------------------------------------------------

  CREATE UNIQUE INDEX "TAMBO"."UK_UNIDADES" ON "TAMBO"."UNIDADES" ("UNIDAD") 
  PCTFREE 10 INITRANS 2 MAXTRANS 255 COMPUTE STATISTICS 
  STORAGE(INITIAL 65536 NEXT 1048576 MINEXTENTS 1 MAXEXTENTS 2147483645
  PCTINCREASE 0 FREELISTS 1 FREELIST GROUPS 1 BUFFER_POOL DEFAULT)
  TABLESPACE "USERS" ;
--------------------------------------------------------
--  Constraints for Table ALIMENTOS
--------------------------------------------------------

  ALTER TABLE "TAMBO"."ALIMENTOS" ADD CONSTRAINT "PK_ALIMENTO" PRIMARY KEY ("ID_ALIMENTO")
  USING INDEX PCTFREE 10 INITRANS 2 MAXTRANS 255 COMPUTE STATISTICS 
  STORAGE(INITIAL 65536 NEXT 1048576 MINEXTENTS 1 MAXEXTENTS 2147483645
  PCTINCREASE 0 FREELISTS 1 FREELIST GROUPS 1 BUFFER_POOL DEFAULT)
  TABLESPACE "USERS"  ENABLE;
 
  ALTER TABLE "TAMBO"."ALIMENTOS" MODIFY ("ID_ALIMENTO" NOT NULL ENABLE);
 
  ALTER TABLE "TAMBO"."ALIMENTOS" MODIFY ("NOMBRE" NOT NULL ENABLE);
 
  ALTER TABLE "TAMBO"."ALIMENTOS" MODIFY ("COSTO_UNIDAD" NOT NULL ENABLE);
 
  ALTER TABLE "TAMBO"."ALIMENTOS" MODIFY ("CANTIDAD" NOT NULL ENABLE);
 
  ALTER TABLE "TAMBO"."ALIMENTOS" MODIFY ("ID_UNIDAD" NOT NULL ENABLE);
--------------------------------------------------------
--  Constraints for Table CONSUMO_ALIMENTO_TERNERAS
--------------------------------------------------------

  ALTER TABLE "TAMBO"."CONSUMO_ALIMENTO_TERNERAS" ADD CONSTRAINT "PK_ALIMENTO_TERNERA_FECHA" PRIMARY KEY ("ID_TERNERA", "ID_ALIMENTO", "FECHA")
  USING INDEX PCTFREE 10 INITRANS 2 MAXTRANS 255 COMPUTE STATISTICS 
  STORAGE(INITIAL 65536 NEXT 1048576 MINEXTENTS 1 MAXEXTENTS 2147483645
  PCTINCREASE 0 FREELISTS 1 FREELIST GROUPS 1 BUFFER_POOL DEFAULT)
  TABLESPACE "USERS"  ENABLE;
 
  ALTER TABLE "TAMBO"."CONSUMO_ALIMENTO_TERNERAS" MODIFY ("ID_TERNERA" NOT NULL ENABLE);
 
  ALTER TABLE "TAMBO"."CONSUMO_ALIMENTO_TERNERAS" MODIFY ("ID_ALIMENTO" NOT NULL ENABLE);
 
  ALTER TABLE "TAMBO"."CONSUMO_ALIMENTO_TERNERAS" MODIFY ("FECHA" NOT NULL ENABLE);
 
  ALTER TABLE "TAMBO"."CONSUMO_ALIMENTO_TERNERAS" MODIFY ("CANTIDAD" NOT NULL ENABLE);
--------------------------------------------------------
--  Constraints for Table CONSUMO_MEDICAMENTO_TERNERA
--------------------------------------------------------

  ALTER TABLE "TAMBO"."CONSUMO_MEDICAMENTO_TERNERA" ADD CONSTRAINT "PK_MEDICAMENTO_TERNERA_FECHA" PRIMARY KEY ("ID_TERNERA", "ID_MEDICAMENTO", "FECHA")
  USING INDEX PCTFREE 10 INITRANS 2 MAXTRANS 255 COMPUTE STATISTICS 
  STORAGE(INITIAL 65536 NEXT 1048576 MINEXTENTS 1 MAXEXTENTS 2147483645
  PCTINCREASE 0 FREELISTS 1 FREELIST GROUPS 1 BUFFER_POOL DEFAULT)
  TABLESPACE "USERS"  ENABLE;
 
  ALTER TABLE "TAMBO"."CONSUMO_MEDICAMENTO_TERNERA" MODIFY ("ID_TERNERA" NOT NULL ENABLE);
 
  ALTER TABLE "TAMBO"."CONSUMO_MEDICAMENTO_TERNERA" MODIFY ("ID_MEDICAMENTO" NOT NULL ENABLE);
 
  ALTER TABLE "TAMBO"."CONSUMO_MEDICAMENTO_TERNERA" MODIFY ("FECHA" NOT NULL ENABLE);
 
  ALTER TABLE "TAMBO"."CONSUMO_MEDICAMENTO_TERNERA" MODIFY ("CANTIDAD" NOT NULL ENABLE);
--------------------------------------------------------
--  Constraints for Table ENFERMEDADES
--------------------------------------------------------

  ALTER TABLE "TAMBO"."ENFERMEDADES" ADD CONSTRAINT "PK_ENFERMEDAD" PRIMARY KEY ("ID_ENFERMEDAD")
  USING INDEX PCTFREE 10 INITRANS 2 MAXTRANS 255 COMPUTE STATISTICS 
  STORAGE(INITIAL 65536 NEXT 1048576 MINEXTENTS 1 MAXEXTENTS 2147483645
  PCTINCREASE 0 FREELISTS 1 FREELIST GROUPS 1 BUFFER_POOL DEFAULT)
  TABLESPACE "USERS"  ENABLE;
 
  ALTER TABLE "TAMBO"."ENFERMEDADES" ADD CONSTRAINT "POSIBLES_ENFERMEDADES" CHECK (NOMBRE='Neumonia' OR NOMBRE='Diarrea') ENABLE;
 
  ALTER TABLE "TAMBO"."ENFERMEDADES" ADD CONSTRAINT "POSIBLES_GRADOS" CHECK (GRADO_GRAVEDAD>=1 AND GRADO_GRAVEDAD<=3) ENABLE;
 
  ALTER TABLE "TAMBO"."ENFERMEDADES" MODIFY ("ID_ENFERMEDAD" NOT NULL ENABLE);
 
  ALTER TABLE "TAMBO"."ENFERMEDADES" MODIFY ("NOMBRE" NOT NULL ENABLE);
 
  ALTER TABLE "TAMBO"."ENFERMEDADES" MODIFY ("GRADO_GRAVEDAD" NOT NULL ENABLE);
 
  ALTER TABLE "TAMBO"."ENFERMEDADES" ADD CONSTRAINT "UK_ENFERMEDADES" UNIQUE ("NOMBRE", "GRADO_GRAVEDAD")
  USING INDEX PCTFREE 10 INITRANS 2 MAXTRANS 255 COMPUTE STATISTICS 
  STORAGE(INITIAL 65536 NEXT 1048576 MINEXTENTS 1 MAXEXTENTS 2147483645
  PCTINCREASE 0 FREELISTS 1 FREELIST GROUPS 1 BUFFER_POOL DEFAULT)
  TABLESPACE "USERS"  ENABLE;
--------------------------------------------------------
--  Constraints for Table ENFERMEDAD_TERNERA
--------------------------------------------------------

  ALTER TABLE "TAMBO"."ENFERMEDAD_TERNERA" ADD CONSTRAINT "PK_ENFERMEDAD_TERNERA_FECHA" PRIMARY KEY ("ID_TERNERA", "ID_ENFERMEDAD", "FECHA_DESDE")
  USING INDEX PCTFREE 10 INITRANS 2 MAXTRANS 255 COMPUTE STATISTICS 
  STORAGE(INITIAL 65536 NEXT 1048576 MINEXTENTS 1 MAXEXTENTS 2147483645
  PCTINCREASE 0 FREELISTS 1 FREELIST GROUPS 1 BUFFER_POOL DEFAULT)
  TABLESPACE "USERS"  ENABLE;
 
  ALTER TABLE "TAMBO"."ENFERMEDAD_TERNERA" MODIFY ("ID_TERNERA" NOT NULL ENABLE);
 
  ALTER TABLE "TAMBO"."ENFERMEDAD_TERNERA" MODIFY ("ID_ENFERMEDAD" NOT NULL ENABLE);
 
  ALTER TABLE "TAMBO"."ENFERMEDAD_TERNERA" MODIFY ("FECHA_DESDE" NOT NULL ENABLE);
--------------------------------------------------------
--  Constraints for Table GUACHERAS
--------------------------------------------------------

  ALTER TABLE "TAMBO"."GUACHERAS" ADD CONSTRAINT "PK_GUACHERA" PRIMARY KEY ("ID_GUACHERA")
  USING INDEX PCTFREE 10 INITRANS 2 MAXTRANS 255 COMPUTE STATISTICS 
  STORAGE(INITIAL 65536 NEXT 1048576 MINEXTENTS 1 MAXEXTENTS 2147483645
  PCTINCREASE 0 FREELISTS 1 FREELIST GROUPS 1 BUFFER_POOL DEFAULT)
  TABLESPACE "USERS"  ENABLE;
 
  ALTER TABLE "TAMBO"."GUACHERAS" MODIFY ("ID_GUACHERA" NOT NULL ENABLE);
 
  ALTER TABLE "TAMBO"."GUACHERAS" MODIFY ("PK_GUACHERA" NOT NULL ENABLE);
 
  ALTER TABLE "TAMBO"."GUACHERAS" MODIFY ("ID_USUARIO" NOT NULL ENABLE);
 
  ALTER TABLE "TAMBO"."GUACHERAS" MODIFY ("NOMBRE" NOT NULL ENABLE);
 
  ALTER TABLE "TAMBO"."GUACHERAS" ADD CONSTRAINT "UK_NOMBRE_GUACHERA" UNIQUE ("NOMBRE")
  USING INDEX PCTFREE 10 INITRANS 2 MAXTRANS 255 COMPUTE STATISTICS 
  STORAGE(INITIAL 65536 NEXT 1048576 MINEXTENTS 1 MAXEXTENTS 2147483645
  PCTINCREASE 0 FREELISTS 1 FREELIST GROUPS 1 BUFFER_POOL DEFAULT)
  TABLESPACE "USERS"  ENABLE;
 
  ALTER TABLE "TAMBO"."GUACHERAS" ADD CONSTRAINT "UK_PK_GUACHERA" UNIQUE ("PK_GUACHERA")
  USING INDEX PCTFREE 10 INITRANS 2 MAXTRANS 255 COMPUTE STATISTICS 
  STORAGE(INITIAL 65536 NEXT 1048576 MINEXTENTS 1 MAXEXTENTS 2147483645
  PCTINCREASE 0 FREELISTS 1 FREELIST GROUPS 1 BUFFER_POOL DEFAULT)
  TABLESPACE "USERS"  ENABLE;
--------------------------------------------------------
--  Constraints for Table MADRES
--------------------------------------------------------

  ALTER TABLE "TAMBO"."MADRES" ADD CONSTRAINT "PK_MADRE" PRIMARY KEY ("ID_MADRE")
  USING INDEX PCTFREE 10 INITRANS 2 MAXTRANS 255 COMPUTE STATISTICS 
  STORAGE(INITIAL 65536 NEXT 1048576 MINEXTENTS 1 MAXEXTENTS 2147483645
  PCTINCREASE 0 FREELISTS 1 FREELIST GROUPS 1 BUFFER_POOL DEFAULT)
  TABLESPACE "USERS"  ENABLE;
 
  ALTER TABLE "TAMBO"."MADRES" MODIFY ("ID_MADRE" NOT NULL ENABLE);
 
  ALTER TABLE "TAMBO"."MADRES" MODIFY ("NRO_CARAVANA" NOT NULL ENABLE);
 
  ALTER TABLE "TAMBO"."MADRES" ADD CONSTRAINT "UK_CARAVANA" UNIQUE ("NRO_CARAVANA")
  USING INDEX PCTFREE 10 INITRANS 2 MAXTRANS 255 COMPUTE STATISTICS 
  STORAGE(INITIAL 65536 NEXT 1048576 MINEXTENTS 1 MAXEXTENTS 2147483645
  PCTINCREASE 0 FREELISTS 1 FREELIST GROUPS 1 BUFFER_POOL DEFAULT)
  TABLESPACE "USERS"  ENABLE;
--------------------------------------------------------
--  Constraints for Table MEDICAMENTOS
--------------------------------------------------------

  ALTER TABLE "TAMBO"."MEDICAMENTOS" ADD CONSTRAINT "PK_MEDICAMENTO" PRIMARY KEY ("ID_MEDICAMENTO")
  USING INDEX PCTFREE 10 INITRANS 2 MAXTRANS 255 COMPUTE STATISTICS 
  STORAGE(INITIAL 65536 NEXT 1048576 MINEXTENTS 1 MAXEXTENTS 2147483645
  PCTINCREASE 0 FREELISTS 1 FREELIST GROUPS 1 BUFFER_POOL DEFAULT)
  TABLESPACE "USERS"  ENABLE;
 
  ALTER TABLE "TAMBO"."MEDICAMENTOS" MODIFY ("ID_MEDICAMENTO" NOT NULL ENABLE);
 
  ALTER TABLE "TAMBO"."MEDICAMENTOS" MODIFY ("NOMBRE" NOT NULL ENABLE);
 
  ALTER TABLE "TAMBO"."MEDICAMENTOS" MODIFY ("DOSIS" NOT NULL ENABLE);
 
  ALTER TABLE "TAMBO"."MEDICAMENTOS" MODIFY ("COSTO" NOT NULL ENABLE);
--------------------------------------------------------
--  Constraints for Table PADRES
--------------------------------------------------------

  ALTER TABLE "TAMBO"."PADRES" ADD CONSTRAINT "PK_PADRE" PRIMARY KEY ("ID_PADRE")
  USING INDEX PCTFREE 10 INITRANS 2 MAXTRANS 255 COMPUTE STATISTICS 
  STORAGE(INITIAL 65536 NEXT 1048576 MINEXTENTS 1 MAXEXTENTS 2147483645
  PCTINCREASE 0 FREELISTS 1 FREELIST GROUPS 1 BUFFER_POOL DEFAULT)
  TABLESPACE "USERS"  ENABLE;
 
  ALTER TABLE "TAMBO"."PADRES" MODIFY ("ID_PADRE" NOT NULL ENABLE);
 
  ALTER TABLE "TAMBO"."PADRES" MODIFY ("NRO_CARAVANA" NOT NULL ENABLE);
 
  ALTER TABLE "TAMBO"."PADRES" ADD CONSTRAINT "UK_CARAAVANA" UNIQUE ("NRO_CARAVANA")
  USING INDEX PCTFREE 10 INITRANS 2 MAXTRANS 255 COMPUTE STATISTICS 
  STORAGE(INITIAL 65536 NEXT 1048576 MINEXTENTS 1 MAXEXTENTS 2147483645
  PCTINCREASE 0 FREELISTS 1 FREELIST GROUPS 1 BUFFER_POOL DEFAULT)
  TABLESPACE "USERS"  ENABLE;
--------------------------------------------------------
--  Constraints for Table PESOS
--------------------------------------------------------

  ALTER TABLE "TAMBO"."PESOS" ADD CONSTRAINT "PK_PESO" PRIMARY KEY ("ID_PESO")
  USING INDEX PCTFREE 10 INITRANS 2 MAXTRANS 255 COMPUTE STATISTICS 
  STORAGE(INITIAL 65536 NEXT 1048576 MINEXTENTS 1 MAXEXTENTS 2147483645
  PCTINCREASE 0 FREELISTS 1 FREELIST GROUPS 1 BUFFER_POOL DEFAULT)
  TABLESPACE "USERS"  ENABLE;
 
  ALTER TABLE "TAMBO"."PESOS" MODIFY ("ID_PESO" NOT NULL ENABLE);
 
  ALTER TABLE "TAMBO"."PESOS" MODIFY ("ID_TERNERA" NOT NULL ENABLE);
 
  ALTER TABLE "TAMBO"."PESOS" MODIFY ("TIPO_REGISTRO" NOT NULL ENABLE);
 
  ALTER TABLE "TAMBO"."PESOS" MODIFY ("FECHA" NOT NULL ENABLE);
 
  ALTER TABLE "TAMBO"."PESOS" MODIFY ("PESO" NOT NULL ENABLE);
 
  ALTER TABLE "TAMBO"."PESOS" ADD CONSTRAINT "UK_PESO" UNIQUE ("ID_TERNERA", "FECHA")
  USING INDEX PCTFREE 10 INITRANS 2 MAXTRANS 255 COMPUTE STATISTICS 
  STORAGE(INITIAL 65536 NEXT 1048576 MINEXTENTS 1 MAXEXTENTS 2147483645
  PCTINCREASE 0 FREELISTS 1 FREELIST GROUPS 1 BUFFER_POOL DEFAULT)
  TABLESPACE "USERS"  ENABLE;
--------------------------------------------------------
--  Constraints for Table TERNERAS
--------------------------------------------------------

  ALTER TABLE "TAMBO"."TERNERAS" ADD CONSTRAINT "PK_TERNERA" PRIMARY KEY ("ID_TERNERA")
  USING INDEX PCTFREE 10 INITRANS 2 MAXTRANS 255 COMPUTE STATISTICS 
  STORAGE(INITIAL 65536 NEXT 1048576 MINEXTENTS 1 MAXEXTENTS 2147483645
  PCTINCREASE 0 FREELISTS 1 FREELIST GROUPS 1 BUFFER_POOL DEFAULT)
  TABLESPACE "USERS"  ENABLE;
 
  ALTER TABLE "TAMBO"."TERNERAS" MODIFY ("ID_TERNERA" NOT NULL ENABLE);
 
  ALTER TABLE "TAMBO"."TERNERAS" MODIFY ("NRO_CARAVANA" NOT NULL ENABLE);
 
  ALTER TABLE "TAMBO"."TERNERAS" MODIFY ("ID_MADRE" NOT NULL ENABLE);
 
  ALTER TABLE "TAMBO"."TERNERAS" MODIFY ("ID_PADRE" NOT NULL ENABLE);
 
  ALTER TABLE "TAMBO"."TERNERAS" MODIFY ("ID_GUACHERA" NOT NULL ENABLE);
 
  ALTER TABLE "TAMBO"."TERNERAS" MODIFY ("FECHA_NACIMIENTO" NOT NULL ENABLE);
 
  ALTER TABLE "TAMBO"."TERNERAS" MODIFY ("PESO_NACIMIENTO" NOT NULL ENABLE);
 
  ALTER TABLE "TAMBO"."TERNERAS" MODIFY ("RAZA" NOT NULL ENABLE);
 
  ALTER TABLE "TAMBO"."TERNERAS" MODIFY ("PARTO" NOT NULL ENABLE);
 
  ALTER TABLE "TAMBO"."TERNERAS" ADD CONSTRAINT "UK_CARAVANA_TERNERA" UNIQUE ("NRO_CARAVANA")
  USING INDEX PCTFREE 10 INITRANS 2 MAXTRANS 255 COMPUTE STATISTICS 
  STORAGE(INITIAL 65536 NEXT 1048576 MINEXTENTS 1 MAXEXTENTS 2147483645
  PCTINCREASE 0 FREELISTS 1 FREELIST GROUPS 1 BUFFER_POOL DEFAULT)
  TABLESPACE "USERS"  ENABLE;
--------------------------------------------------------
--  Constraints for Table UNIDADES
--------------------------------------------------------

  ALTER TABLE "TAMBO"."UNIDADES" ADD CONSTRAINT "PK_UNIDAD" PRIMARY KEY ("ID_UNIDAD")
  USING INDEX PCTFREE 10 INITRANS 2 MAXTRANS 255 COMPUTE STATISTICS 
  STORAGE(INITIAL 65536 NEXT 1048576 MINEXTENTS 1 MAXEXTENTS 2147483645
  PCTINCREASE 0 FREELISTS 1 FREELIST GROUPS 1 BUFFER_POOL DEFAULT)
  TABLESPACE "USERS"  ENABLE;
 
  ALTER TABLE "TAMBO"."UNIDADES" MODIFY ("ID_UNIDAD" NOT NULL ENABLE);
 
  ALTER TABLE "TAMBO"."UNIDADES" MODIFY ("UNIDAD" NOT NULL ENABLE);
 
  ALTER TABLE "TAMBO"."UNIDADES" ADD CONSTRAINT "UK_UNIDADES" UNIQUE ("UNIDAD")
  USING INDEX PCTFREE 10 INITRANS 2 MAXTRANS 255 COMPUTE STATISTICS 
  STORAGE(INITIAL 65536 NEXT 1048576 MINEXTENTS 1 MAXEXTENTS 2147483645
  PCTINCREASE 0 FREELISTS 1 FREELIST GROUPS 1 BUFFER_POOL DEFAULT)
  TABLESPACE "USERS"  ENABLE;
--------------------------------------------------------
--  Constraints for Table USUARIOS
--------------------------------------------------------

  ALTER TABLE "TAMBO"."USUARIOS" ADD CONSTRAINT "PK_USUARIO" PRIMARY KEY ("ID_USUARIO")
  USING INDEX PCTFREE 10 INITRANS 2 MAXTRANS 255 COMPUTE STATISTICS 
  STORAGE(INITIAL 65536 NEXT 1048576 MINEXTENTS 1 MAXEXTENTS 2147483645
  PCTINCREASE 0 FREELISTS 1 FREELIST GROUPS 1 BUFFER_POOL DEFAULT)
  TABLESPACE "USERS"  ENABLE;
 
  ALTER TABLE "TAMBO"."USUARIOS" MODIFY ("ID_USUARIO" NOT NULL ENABLE);
 
  ALTER TABLE "TAMBO"."USUARIOS" MODIFY ("USUARIO" NOT NULL ENABLE);
 
  ALTER TABLE "TAMBO"."USUARIOS" MODIFY ("NOMBRE" NOT NULL ENABLE);
 
  ALTER TABLE "TAMBO"."USUARIOS" MODIFY ("APELLIDO" NOT NULL ENABLE);
 
  ALTER TABLE "TAMBO"."USUARIOS" MODIFY ("PERFIL" NOT NULL ENABLE);
 
  ALTER TABLE "TAMBO"."USUARIOS" MODIFY ("CONTRASENIA" NOT NULL ENABLE);
--------------------------------------------------------
--  Ref Constraints for Table ALIMENTOS
--------------------------------------------------------

  ALTER TABLE "TAMBO"."ALIMENTOS" ADD CONSTRAINT "FK_UNIDAD" FOREIGN KEY ("ID_UNIDAD")
	  REFERENCES "TAMBO"."UNIDADES" ("ID_UNIDAD") ENABLE;
--------------------------------------------------------
--  Ref Constraints for Table CONSUMO_ALIMENTO_TERNERAS
--------------------------------------------------------

  ALTER TABLE "TAMBO"."CONSUMO_ALIMENTO_TERNERAS" ADD CONSTRAINT "FK_ALIMENTO_CON_ALIM" FOREIGN KEY ("ID_ALIMENTO")
	  REFERENCES "TAMBO"."TERNERAS" ("ID_TERNERA") ENABLE;
 
  ALTER TABLE "TAMBO"."CONSUMO_ALIMENTO_TERNERAS" ADD CONSTRAINT "FK_TERNERA_CON_ALIM" FOREIGN KEY ("ID_TERNERA")
	  REFERENCES "TAMBO"."ALIMENTOS" ("ID_ALIMENTO") ENABLE;
--------------------------------------------------------
--  Ref Constraints for Table CONSUMO_MEDICAMENTO_TERNERA
--------------------------------------------------------

  ALTER TABLE "TAMBO"."CONSUMO_MEDICAMENTO_TERNERA" ADD CONSTRAINT "FK_CONS_TERN_MEDICAMENTO" FOREIGN KEY ("ID_MEDICAMENTO")
	  REFERENCES "TAMBO"."MEDICAMENTOS" ("ID_MEDICAMENTO") ENABLE;
 
  ALTER TABLE "TAMBO"."CONSUMO_MEDICAMENTO_TERNERA" ADD CONSTRAINT "FK_CONS_TERN_TERNERA" FOREIGN KEY ("ID_TERNERA")
	  REFERENCES "TAMBO"."TERNERAS" ("ID_TERNERA") ENABLE;
--------------------------------------------------------
--  Ref Constraints for Table ENFERMEDAD_TERNERA
--------------------------------------------------------

  ALTER TABLE "TAMBO"."ENFERMEDAD_TERNERA" ADD CONSTRAINT "FK_ENF_ENFERMEDAD" FOREIGN KEY ("ID_ENFERMEDAD")
	  REFERENCES "TAMBO"."ENFERMEDADES" ("ID_ENFERMEDAD") ENABLE;
 
  ALTER TABLE "TAMBO"."ENFERMEDAD_TERNERA" ADD CONSTRAINT "FK_ENF_TERNERA" FOREIGN KEY ("ID_TERNERA")
	  REFERENCES "TAMBO"."TERNERAS" ("ID_TERNERA") ENABLE;
--------------------------------------------------------
--  Ref Constraints for Table GUACHERAS
--------------------------------------------------------

  ALTER TABLE "TAMBO"."GUACHERAS" ADD CONSTRAINT "FK_USUARIO" FOREIGN KEY ("ID_USUARIO")
	  REFERENCES "TAMBO"."USUARIOS" ("ID_USUARIO") ENABLE;
--------------------------------------------------------
--  Ref Constraints for Table PESOS
--------------------------------------------------------

  ALTER TABLE "TAMBO"."PESOS" ADD CONSTRAINT "FK_PESO_TERNERA" FOREIGN KEY ("ID_TERNERA")
	  REFERENCES "TAMBO"."TERNERAS" ("ID_TERNERA") ENABLE;
--------------------------------------------------------
--  Ref Constraints for Table TERNERAS
--------------------------------------------------------

  ALTER TABLE "TAMBO"."TERNERAS" ADD CONSTRAINT "FK_GUACHERA" FOREIGN KEY ("ID_GUACHERA")
	  REFERENCES "TAMBO"."GUACHERAS" ("ID_GUACHERA") ENABLE;
 
  ALTER TABLE "TAMBO"."TERNERAS" ADD CONSTRAINT "FK_TERNERAS_MADRE" FOREIGN KEY ("ID_MADRE")
	  REFERENCES "TAMBO"."MADRES" ("ID_MADRE") ENABLE;
 
  ALTER TABLE "TAMBO"."TERNERAS" ADD CONSTRAINT "FK_TERNERAS_PADRE" FOREIGN KEY ("ID_PADRE")
	  REFERENCES "TAMBO"."PADRES" ("ID_PADRE") ENABLE;
--------------------------------------------------------
--  DDL for Trigger T_ALIMENTOS_SEQ
--------------------------------------------------------

  CREATE OR REPLACE TRIGGER "TAMBO"."T_ALIMENTOS_SEQ" --Nombre del Trigger
  BEFORE INSERT--Momento del Trigger, antes de insertar
  ON ALIMENTOS--Tabla DT_
  FOR EACH ROW --Ejecutar para cada registro
  BEGIN--Inicio comandos del trigger
  SELECT SEQ_ALIMENTO.NEXTVAL --Seleccionar el siguiente valor de la secuencia
  INTO :NEW.ID_ALIMENTO--Asignar el valor al nuevo valor de la columna CODIGO
  FROM DUAL;--Usar la tabla virtual DUAL
  END T_ALIMENTOS_SEQ;--Fin trigger
/
ALTER TRIGGER "TAMBO"."T_ALIMENTOS_SEQ" ENABLE;
--------------------------------------------------------
--  DDL for Trigger T_ENFERMEDAD_SEQ
--------------------------------------------------------

  CREATE OR REPLACE TRIGGER "TAMBO"."T_ENFERMEDAD_SEQ" --Nombre del Trigger
  BEFORE INSERT--Momento del Trigger, antes de insertar
  ON ENFERMEDADES--Tabla DT_
  FOR EACH ROW --Ejecutar para cada registroDT_,  FOR EACH ROW --Ejecutar para cada registro,  BEGIN--Inicio comandos del trigger,  SELECT SEQ_ENFERMEDAD.NEXTVAL --Seleccionar el siguiente valor de la secuencia,  INTO :NEW.ID_ENFERMEDAD,  UPDATE SET NOMBRE=UPPER(NOMBRE),  FROM ENFERMEDADES;--
  BEGIN--Inicio comandos del trigger
  SELECT SEQ_ENFERMEDAD.NEXTVAL --Seleccionar el siguiente valor de la secuencia
  INTO :NEW.ID_ENFERMEDAD--Asignar el valor al nuevo valor de la columna CODIGO
  FROM DUAL;--Usar la tabla virtual DUAL
  END T_ENFERMEDAD_SEQ;--Fin trigger
/
ALTER TRIGGER "TAMBO"."T_ENFERMEDAD_SEQ" ENABLE;
--------------------------------------------------------
--  DDL for Trigger T_GUACHERA_SEQ
--------------------------------------------------------

  CREATE OR REPLACE TRIGGER "TAMBO"."T_GUACHERA_SEQ" --Nombre del Trigger
  BEFORE INSERT--Momento del Trigger, antes de insertar
  ON GUACHERAS--Tabla DT_
  FOR EACH ROW --Ejecutar para cada registro
  BEGIN--Inicio comandos del trigger
  SELECT SEQ_GUACHERA.NEXTVAL --Seleccionar el siguiente valor de la secuencia
  INTO :NEW.ID_GUACHERA--Asignar el valor al nuevo valor de la columna CODIGO
  FROM DUAL;--Usar la tabla virtual DUAL
  END T_GUACHERA_SEQ;--Fin trigger
/
ALTER TRIGGER "TAMBO"."T_GUACHERA_SEQ" ENABLE;
--------------------------------------------------------
--  DDL for Trigger T_MADRE_SEQ
--------------------------------------------------------

  CREATE OR REPLACE TRIGGER "TAMBO"."T_MADRE_SEQ" --Nombre del Trigger
  BEFORE INSERT--Momento del Trigger, antes de insertar
  ON MADRES--Tabla DT_
  FOR EACH ROW --Ejecutar para cada registro
  BEGIN--Inicio comandos del trigger
  SELECT SEQ_MADRE.NEXTVAL --Seleccionar el siguiente valor de la secuencia
  INTO :NEW.ID_MADRE--Asignar el valor al nuevo valor de la columna CODIGO
  FROM DUAL;--Usar la tabla virtual DUAL
  END T_MADRE_SEQ;--Fin trigger
/
ALTER TRIGGER "TAMBO"."T_MADRE_SEQ" ENABLE;
--------------------------------------------------------
--  DDL for Trigger T_MEDICAMENTO_SEQ
--------------------------------------------------------

  CREATE OR REPLACE TRIGGER "TAMBO"."T_MEDICAMENTO_SEQ" --Nombre del Trigger
  BEFORE INSERT--Momento del Trigger, antes de insertar
  ON MEDICAMENTOS--Tabla DT_
  FOR EACH ROW --Ejecutar para cada registro
  BEGIN--Inicio comandos del trigger
  SELECT SEQ_MEDICAMENTO.NEXTVAL --Seleccionar el siguiente valor de la secuencia
  INTO :NEW.ID_MEDICAMENTO--Asignar el valor al nuevo valor de la columna CODIGO
  FROM DUAL;--Usar la tabla virtual DUAL
  END T_MEDICAMENTO_SEQ;--Fin trigger
/
ALTER TRIGGER "TAMBO"."T_MEDICAMENTO_SEQ" ENABLE;
--------------------------------------------------------
--  DDL for Trigger T_PADRE_SEQ
--------------------------------------------------------

  CREATE OR REPLACE TRIGGER "TAMBO"."T_PADRE_SEQ" --Nombre del Trigger
  BEFORE INSERT--Momento del Trigger, antes de insertar
  ON PADRES--Tabla DT_
  FOR EACH ROW --Ejecutar para cada registro
  BEGIN--Inicio comandos del trigger
  SELECT SEQ_PADRE.NEXTVAL --Seleccionar el siguiente valor de la secuencia
  INTO :NEW.ID_PADRE--Asignar el valor al nuevo valor de la columna CODIGO
  FROM DUAL;--Usar la tabla virtual DUAL
  END T_PADRE_SEQ;--Fin trigger
/
ALTER TRIGGER "TAMBO"."T_PADRE_SEQ" ENABLE;
--------------------------------------------------------
--  DDL for Trigger T_TERNERA_SEQ
--------------------------------------------------------

  CREATE OR REPLACE TRIGGER "TAMBO"."T_TERNERA_SEQ" --Nombre del Trigger
  BEFORE INSERT--Momento del Trigger, antes de insertar
  ON TERNERAS--Tabla DT_
  FOR EACH ROW --Ejecutar para cada registro
  BEGIN--Inicio comandos del trigger
  SELECT SEQ_TERNERA.NEXTVAL --Seleccionar el siguiente valor de la secuencia
  INTO :NEW.ID_TERNERA--Asignar el valor al nuevo valor de la columna CODIGO
  FROM DUAL;--Usar la tabla virtual DUAL
  END T_TERNERA_SEQ;--Fin trigger
/
ALTER TRIGGER "TAMBO"."T_TERNERA_SEQ" ENABLE;
--------------------------------------------------------
--  DDL for Trigger T_UNIDAD_SEQ
--------------------------------------------------------

  CREATE OR REPLACE TRIGGER "TAMBO"."T_UNIDAD_SEQ" --Nombre del Trigger
  BEFORE INSERT--Momento del Trigger, antes de insertar
  ON UNIDADES--Tabla DT_
  FOR EACH ROW --Ejecutar para cada registro
  BEGIN--Inicio comandos del trigger
  SELECT SEQ_UNIDAD.NEXTVAL --Seleccionar el siguiente valor de la secuencia
  INTO :NEW.ID_UNIDAD--Asignar el valor al nuevo valor de la columna CODIGO
  FROM DUAL;--Usar la tabla virtual DUAL
  END T_UNIDAD_SEQ;--Fin trigger
/
ALTER TRIGGER "TAMBO"."T_UNIDAD_SEQ" ENABLE;
--------------------------------------------------------
--  DDL for Trigger T_USUARIO
--------------------------------------------------------

  CREATE OR REPLACE TRIGGER "TAMBO"."T_USUARIO" --Nombre del Trigger
  BEFORE INSERT--Momento del Trigger, antes de insertar
  ON USUARIOS--Tabla DT_
  FOR EACH ROW --Ejecutar para cada registro
  BEGIN--Inicio comandos del trigger
  SELECT SEQ_USUARIO.NEXTVAL --Seleccionar el siguiente valor de la secuencia
  INTO :NEW.ID_USUARIO--Asignar el valor al nuevo valor de la columna CODIGO
  FROM DUAL;--Usar la tabla virtual DUAL
  END T_USUARIO;--Fin trigger
/
ALTER TRIGGER "TAMBO"."T_USUARIO" ENABLE;
--------------------------------------------------------
--  DDL for Synonymn DUAL
--------------------------------------------------------

  CREATE OR REPLACE PUBLIC SYNONYM "DUAL" FOR "SYS"."DUAL";
